,name
0,decentraland
1,the sandbox
2,axie infinity
3,theta network
4,enjin coin
5,wax
6,sushiswap
7,ontology
8,illuvium
9,chromia
10,ultra
11,vulcan forged pyr
12,playdapp
13,ceek vr
14,yield guild games
15,bloktopia
16,myneighboralice
17,wemix
18,radio caca
19,metahero
20,starlink
21,ufo gaming
22,victoria vr
23,lukso
24,mobox
25,dvision network
26,deapcoin
27,rmrk
28,phantasma
29,insure defi
30,decentral games
31,wilder world
32,aavegotchi
33,star atlas
34,decentral games old
35,alien worlds
36,mines of dalarnia
37,verasity
38,terra virtua kolect
39,somnium space cubes
40,aurory
41,rfox
42,efinity token
43,highstreet
44,derace
45,ethernity chain
46,star atlas dao
47,boson protocol
48,gamefi
49,atari token
50,adshares
51,bosagora
52,epik prime
53,newscrypto
54,vempire ddao
55,gamecredits
56,medacoin
57,blockchain monster hunt
58,decentral games ice
59,milc platform
60,polychain monsters
61,torum
62,sin city metaverse
63,darwinia network
64,xaya
65,senso
66,faraland
67,revomon
68,mogul productions
69,trias token
70,shirtum
71,juggernaut
72,arcona
73,tower
74,monsta infinite
75,defina finance
76,kalao
77,zookeeper
78,deepspace
79,onooks
80,dotmoovs
81,vibe
82,polker
83,chronicle
84,defi degen land
85,fear
86,revolve games
87,legend of fantasy war
88,polkawar
89,spheroid universe
90,mist
91,monavale
92,locgame
93,rune shards
94,acknoledger
95,metaversex
96,darwinia commitment token
97,genesis worlds
98,etna network
99,jade currency
